path,class
../Data/Dataset-IGRB1092_14cls/04.barroco/5bec4cd58ecc0.jpg,3
../Data/Dataset-IGRB1092_14cls/03.renacentista/5bacb84ca1ce0.jpg,2
../Data/Dataset-IGRB1092_14cls/02.gotico/palacio_jabalquinto_baeza7.jpg,1
../Data/Dataset-IGRB1092_14cls/04.barroco/san_felipe_neri_baeza6.jpg,3
../Data/Dataset-IGRB1092_14cls/03.renacentista/ayuntamiento_baeza9.jpg,2
../Data/Dataset-IGRB1092_14cls/04.barroco/5bc766292dd2d.jpg,3
../Data/Dataset-IGRB1092_14cls/04.barroco/iglesia_san_jeronimo_granada2.jpg,3
../Data/Dataset-IGRB1092_14cls/01.musulman/puerta_justicia_granada5.jpg,0
../Data/Dataset-IGRB1092_14cls/04.barroco/iglesia_san_jose_granada.jpg,3
../Data/Dataset-IGRB1092_14cls/04.barroco/convento_carmelitas_descalzas_granada3.jpg,3
../Data/Dataset-IGRB1092_14cls/01.musulman/corral_carbon_granada.jpg,0
../Data/Dataset-IGRB1092_14cls/02.gotico/catedral_burgos11.jpg,1
../Data/Dataset-IGRB1092_14cls/02.gotico/hospital_san_sebastian_cordoba11.jpg,1
../Data/Dataset-IGRB1092_14cls/03.renacentista/casa_lonja_sevilla_patio3.jpg,2
../Data/Dataset-IGRB1092_14cls/04.barroco/colegio_san_fernando_granada.jpg,3
../Data/Dataset-IGRB1092_14cls/02.gotico/iglesia_santa_maría_del_pi_barcelona2.jpg,1
../Data/Dataset-IGRB1092_14cls/01.musulman/alhambra2.jpg,0
../Data/Dataset-IGRB1092_14cls/03.renacentista/5bc0b4b6c8948.jpg,2
../Data/Dataset-IGRB1092_14cls/04.barroco/5bc75e23a2930.jpg,3
../Data/Dataset-IGRB1092_14cls/04.barroco/colegio_bartolome_santiago_granada2.jpg,3
../Data/Dataset-IGRB1092_14cls/04.barroco/5bc76500a43e5.jpg,3
../Data/Dataset-IGRB1092_14cls/01.musulman/5bae5b8b63bd5.jpg,0
../Data/Dataset-IGRB1092_14cls/04.barroco/casa_museo_sefardi_granada2.jpg,3
../Data/Dataset-IGRB1092_14cls/02.gotico/puerta_bautismo_catedral_sevilla11.jpg,1
../Data/Dataset-IGRB1092_14cls/04.barroco/5bad4ad9c95b3.jpg,3
../Data/Dataset-IGRB1092_14cls/03.renacentista/curia_granada.jpg,2
../Data/Dataset-IGRB1092_14cls/02.gotico/5b8ecbfc3afd4.jpg,1
../Data/Dataset-IGRB1092_14cls/03.renacentista/convento_santa_clara_ubeda2.jpg,2
../Data/Dataset-IGRB1092_14cls/04.barroco/colegio_bartolome_santiago_granada4.jpg,3
../Data/Dataset-IGRB1092_14cls/03.renacentista/plaza_santa_teresa_ubeda3.jpg,2
../Data/Dataset-IGRB1092_14cls/01.musulman/puerta_visires_mezquita_cordoba2.jpg,0
../Data/Dataset-IGRB1092_14cls/01.musulman/20181212_145535.jpg,0
../Data/Dataset-IGRB1092_14cls/03.renacentista/5bb74d7c3e166.jpg,2
../Data/Dataset-IGRB1092_14cls/04.barroco/catedral_granada6.jpg,3
../Data/Dataset-IGRB1092_14cls/01.musulman/20181212_130014.jpg,0
../Data/Dataset-IGRB1092_14cls/03.renacentista/capilla_san_francisco_baeza2.jpg,2
../Data/Dataset-IGRB1092_14cls/01.musulman/patio_yeso_reales_alcazares_sevilla2.jpg,0
../Data/Dataset-IGRB1092_14cls/01.musulman/medina_azahara30.jpg,0
../Data/Dataset-IGRB1092_14cls/02.gotico/iglesia_sabiote2.jpg,1
../Data/Dataset-IGRB1092_14cls/01.musulman/5bc3179bc5bd7.jpg,0
../Data/Dataset-IGRB1092_14cls/03.renacentista/ayuntamiento_baeza.jpg,2
../Data/Dataset-IGRB1092_14cls/04.barroco/5bb0a2c4b9b8b.jpg,3
../Data/Dataset-IGRB1092_14cls/01.musulman/ermita_sansebastian2.jpg,0
../Data/Dataset-IGRB1092_14cls/02.gotico/catedral_toledo_puerta_reloj.jpg,1
../Data/Dataset-IGRB1092_14cls/03.renacentista/5be6b690211bf.jpg,2
../Data/Dataset-IGRB1092_14cls/02.gotico/20181212_105125.jpg,1
../Data/Dataset-IGRB1092_14cls/04.barroco/parroquia_nuestra_señora_de_la_o_chipiona.jpg,3
../Data/Dataset-IGRB1092_14cls/04.barroco/museo_bellas_artes_sevilla4.jpg,3
../Data/Dataset-IGRB1092_14cls/03.renacentista/capilla_san_francisco_baeza5.jpg,2
../Data/Dataset-IGRB1092_14cls/03.renacentista/puerta_puente_cordoba8.jpg,2
../Data/Dataset-IGRB1092_14cls/01.musulman/5bd35122f11d2.jpg,0
../Data/Dataset-IGRB1092_14cls/02.gotico/catedral_burgos4.jpg,1
../Data/Dataset-IGRB1092_14cls/01.musulman/5bccb0f95a19f.jpg,0
../Data/Dataset-IGRB1092_14cls/01.musulman/puerta_de_las_pesas_granada7.jpg,0
../Data/Dataset-IGRB1092_14cls/01.musulman/puerta_monaita_granada6.jpg,0
../Data/Dataset-IGRB1092_14cls/03.renacentista/casa_torres_ubeda3.jpg,2
../Data/Dataset-IGRB1092_14cls/04.barroco/5bb7972ad3e16.jpg,3
../Data/Dataset-IGRB1092_14cls/03.renacentista/iglesia_salvador_ubeda.jpg,2
../Data/Dataset-IGRB1092_14cls/01.musulman/puerta_elvira_granada3.jpg,0
../Data/Dataset-IGRB1092_14cls/03.renacentista/palacio_cadenas_ubeda9.jpg,2
../Data/Dataset-IGRB1092_14cls/01.musulman/patio_yeso_reales_alcazares_sevilla3.jpg,0
../Data/Dataset-IGRB1092_14cls/03.renacentista/san_miguel_bajo_granada.jpg,2
../Data/Dataset-IGRB1092_14cls/02.gotico/5bc743ec098e2.jpg,1
../Data/Dataset-IGRB1092_14cls/02.gotico/palacio_jabalquinto_baeza2.jpg,1
../Data/Dataset-IGRB1092_14cls/04.barroco/iglesia_san_juan_de_dios_granada3.jpg,3
../Data/Dataset-IGRB1092_14cls/02.gotico/casa_abrantes_granada7.jpg,1
../Data/Dataset-IGRB1092_14cls/02.gotico/5baf18213b6f1.jpg,1
../Data/Dataset-IGRB1092_14cls/01.musulman/20181212_105442.jpg,0
../Data/Dataset-IGRB1092_14cls/01.musulman/puerta_monaita_granada2.jpg,0
../Data/Dataset-IGRB1092_14cls/01.musulman/medina_azahara9.jpg,0
../Data/Dataset-IGRB1092_14cls/02.gotico/convento_clarisas_palencia3.jpg,1
../Data/Dataset-IGRB1092_14cls/03.renacentista/5be5e8d4933d2.jpg,2
../Data/Dataset-IGRB1092_14cls/03.renacentista/5bc4d1797c791.jpg,2
../Data/Dataset-IGRB1092_14cls/01.musulman/puerta_del_vino_granada5.jpg,0
../Data/Dataset-IGRB1092_14cls/04.barroco/iglesia_angustias_granada3.jpg,3
../Data/Dataset-IGRB1092_14cls/04.barroco/5bc75e9246655.jpg,3
../Data/Dataset-IGRB1092_14cls/04.barroco/5bc765017d63d.jpg,3
../Data/Dataset-IGRB1092_14cls/04.barroco/san_juan_dios_antequera3.jpg,3
../Data/Dataset-IGRB1092_14cls/04.barroco/casa_martinez_castilla_granada.jpg,3
../Data/Dataset-IGRB1092_14cls/01.musulman/5baf14eb92e6d.jpg,0
../Data/Dataset-IGRB1092_14cls/03.renacentista/5bb0b25a063e4.jpg,2
../Data/Dataset-IGRB1092_14cls/01.musulman/5be567578cfcc.jpg,0
../Data/Dataset-IGRB1092_14cls/02.gotico/san_juan_de_los_reyes_granada.jpg,1
../Data/Dataset-IGRB1092_14cls/03.renacentista/iglesia_asuncion_jodar2.jpg,2
../Data/Dataset-IGRB1092_14cls/02.gotico/puerta_bautismo_catedral_sevilla7.jpg,1
../Data/Dataset-IGRB1092_14cls/01.musulman/corralcarbon.jpg,0
../Data/Dataset-IGRB1092_14cls/04.barroco/palacio_ansoti6.jpg,3
../Data/Dataset-IGRB1092_14cls/02.gotico/iglesia_san_pablo_ubeda3.jpg,1
../Data/Dataset-IGRB1092_14cls/03.renacentista/iglesia_san_cecilio_granada.jpg,2
../Data/Dataset-IGRB1092_14cls/04.barroco/convento_jesus_nazareno_chiclana4.jpg,3
../Data/Dataset-IGRB1092_14cls/04.barroco/5bc75e93a80c2.jpg,3
../Data/Dataset-IGRB1092_14cls/04.barroco/iglesia_san_francisco_cordoba.jpg,3
../Data/Dataset-IGRB1092_14cls/01.musulman/5bbcca8260a77.jpg,0
../Data/Dataset-IGRB1092_14cls/02.gotico/palacio_jabalquinto_baeza.jpg,1
../Data/Dataset-IGRB1092_14cls/03.renacentista/5bb5f7e3b6c72.jpg,2
../Data/Dataset-IGRB1092_14cls/03.renacentista/colegio_niñas_nobles_granada3.jpg,2
../Data/Dataset-IGRB1092_14cls/04.barroco/5ba8988d8d7ef.jpg,3
../Data/Dataset-IGRB1092_14cls/03.renacentista/5bcaf9bf6194d.jpg,2
../Data/Dataset-IGRB1092_14cls/03.renacentista/iglesia_anunciacion_sevilla.jpg,2
../Data/Dataset-IGRB1092_14cls/02.gotico/5b8ecc4c3cde4.jpg,1
../Data/Dataset-IGRB1092_14cls/04.barroco/chancilleria_granada7.jpg,3
../Data/Dataset-IGRB1092_14cls/04.barroco/chancilleria_granada11.jpg,3
../Data/Dataset-IGRB1092_14cls/01.musulman/20181212_112853.jpg,0
../Data/Dataset-IGRB1092_14cls/03.renacentista/palacio_carlos_v_granada19.jpg,2
../Data/Dataset-IGRB1092_14cls/01.musulman/puerta_atarazanas_malaga5.jpg,0
../Data/Dataset-IGRB1092_14cls/03.renacentista/iglesia_guadahortuna3.jpg,2
../Data/Dataset-IGRB1092_14cls/02.gotico/iglesia_san_nicolas_ubeda5.jpg,1
../Data/Dataset-IGRB1092_14cls/01.musulman/5bad4996b3cf4.jpg,0
../Data/Dataset-IGRB1092_14cls/04.barroco/convento_jesus_nazareno_chiclana3.jpg,3
../Data/Dataset-IGRB1092_14cls/04.barroco/5bc76484d31a1.jpg,3
../Data/Dataset-IGRB1092_14cls/02.gotico/puerta_bautismo_catedral_sevilla4.jpg,1
../Data/Dataset-IGRB1092_14cls/04.barroco/facultad_derecho_granada5.jpg,3
../Data/Dataset-IGRB1092_14cls/01.musulman/puerta_atarazanas_malaga6.jpg,0
../Data/Dataset-IGRB1092_14cls/01.musulman/5c1b60d5c92de.jpg,0
../Data/Dataset-IGRB1092_14cls/02.gotico/catedral_burgos3.jpg,1
../Data/Dataset-IGRB1092_14cls/04.barroco/5be5b11d168b4.jpg,3
../Data/Dataset-IGRB1092_14cls/03.renacentista/puerta_perdon_catedral_granada2.jpg,2
../Data/Dataset-IGRB1092_14cls/04.barroco/5bc7645ea64dc.jpg,3
../Data/Dataset-IGRB1092_14cls/01.musulman/5bae5c28a8f11.jpg,0
../Data/Dataset-IGRB1092_14cls/02.gotico/20181212_105119.jpg,1
../Data/Dataset-IGRB1092_14cls/04.barroco/5bddc20b3a228.jpg,3
../Data/Dataset-IGRB1092_14cls/03.renacentista/puerta_perdon_catedral_granada12.jpg,2
../Data/Dataset-IGRB1092_14cls/03.renacentista/iglesia_san_miguel_granada.jpg,2
../Data/Dataset-IGRB1092_14cls/04.barroco/convento_santa_ines_granada.jpg,3
../Data/Dataset-IGRB1092_14cls/03.renacentista/catedral_puerta_san_jeronimo_granada.jpg,2
../Data/Dataset-IGRB1092_14cls/02.gotico/5bc06c895d7f1.jpg,1
../Data/Dataset-IGRB1092_14cls/02.gotico/hospital_san_sebastian_cordoba4.jpg,1
../Data/Dataset-IGRB1092_14cls/02.gotico/catedral_leon3.jpg,1
../Data/Dataset-IGRB1092_14cls/01.musulman/20181212_115504.jpg,0
../Data/Dataset-IGRB1092_14cls/01.musulman/5bae5eef7467f.jpg,0
../Data/Dataset-IGRB1092_14cls/04.barroco/palacio_ansoti7.jpg,3
../Data/Dataset-IGRB1092_14cls/04.barroco/5bdd80e6ea7c8.jpg,3
../Data/Dataset-IGRB1092_14cls/01.musulman/medina_azahara31.jpg,0
../Data/Dataset-IGRB1092_14cls/04.barroco/5bd354095e856.jpg,3
../Data/Dataset-IGRB1092_14cls/02.gotico/catedral_leon12.jpg,1
../Data/Dataset-IGRB1092_14cls/02.gotico/5bb28cf500312.jpg,1
../Data/Dataset-IGRB1092_14cls/04.barroco/5bd074b099963.jpg,3
../Data/Dataset-IGRB1092_14cls/04.barroco/casa_marqueses_de_cartagena_granada.jpg,3
../Data/Dataset-IGRB1092_14cls/03.renacentista/palacio_cadenas_ubeda2.jpg,2
../Data/Dataset-IGRB1092_14cls/04.barroco/facultad_derecho_granada8.jpg,3
../Data/Dataset-IGRB1092_14cls/04.barroco/20181212_110321.jpg,3
../Data/Dataset-IGRB1092_14cls/02.gotico/puerta_perdon_catedral_toledo.jpg,1
../Data/Dataset-IGRB1092_14cls/02.gotico/5bc76e1643666.jpg,1
../Data/Dataset-IGRB1092_14cls/03.renacentista/palacio_cadenas_ubeda.jpg,2
../Data/Dataset-IGRB1092_14cls/04.barroco/5bc764753c2e3.jpg,3
../Data/Dataset-IGRB1092_14cls/04.barroco/5b8ecb55cc725.jpg,3
../Data/Dataset-IGRB1092_14cls/04.barroco/casa_marqueses_de_cartagena_granada3.jpg,3
../Data/Dataset-IGRB1092_14cls/02.gotico/palacio_salcedo.jpg,1
../Data/Dataset-IGRB1092_14cls/01.musulman/medina_azahara12.jpg,0
../Data/Dataset-IGRB1092_14cls/03.renacentista/5bc6037474c90.jpg,2
../Data/Dataset-IGRB1092_14cls/01.musulman/alminar_san_jose_granada.jpg,0
../Data/Dataset-IGRB1092_14cls/01.musulman/corral_carbon_granada5.jpg,0
../Data/Dataset-IGRB1092_14cls/03.renacentista/iglesia_salvador_granada.jpg,2
../Data/Dataset-IGRB1092_14cls/02.gotico/iglesia_san_pablo_ubeda9.jpg,1
../Data/Dataset-IGRB1092_14cls/02.gotico/basilica_santa_maria_arcos_frontera5.jpg,1
../Data/Dataset-IGRB1092_14cls/02.gotico/palacio_jabalquinto_baeza14.jpg,1
../Data/Dataset-IGRB1092_14cls/03.renacentista/ayuntamiento_baeza3.jpg,2
../Data/Dataset-IGRB1092_14cls/04.barroco/5bc7645dbbec1.jpg,3
../Data/Dataset-IGRB1092_14cls/02.gotico/catedral_leon5.jpg,1
../Data/Dataset-IGRB1092_14cls/02.gotico/20181212_105032.jpg,1
../Data/Dataset-IGRB1092_14cls/04.barroco/convento_siervas_de_maria_granada.jpg,3
../Data/Dataset-IGRB1092_14cls/04.barroco/casa_conde_gabia_granada.jpg,3
../Data/Dataset-IGRB1092_14cls/04.barroco/casatercia_baena.jpg,3
../Data/Dataset-IGRB1092_14cls/02.gotico/iglesia_san_pablo_ubeda7.jpg,1
../Data/Dataset-IGRB1092_14cls/01.musulman/puerta_atarazanas_malaga7.jpg,0
../Data/Dataset-IGRB1092_14cls/03.renacentista/5bcaeef31f64b.jpg,2
../Data/Dataset-IGRB1092_14cls/03.renacentista/san_grabiel_loja.jpg,2
../Data/Dataset-IGRB1092_14cls/01.musulman/medina_azahara29.jpg,0
../Data/Dataset-IGRB1092_14cls/02.gotico/iglesia_sabiote6.jpg,1
../Data/Dataset-IGRB1092_14cls/03.renacentista/palacio_carlos_v_granada17.jpg,2
../Data/Dataset-IGRB1092_14cls/04.barroco/5bc75e0d6a8e0.jpg,3
../Data/Dataset-IGRB1092_14cls/01.musulman/5bae64dc35949.jpg,0
../Data/Dataset-IGRB1092_14cls/04.barroco/hospital_san_juan_de_dios_granada3.jpg,3
../Data/Dataset-IGRB1092_14cls/04.barroco/5bb5f3dfac1c3.jpg,3
../Data/Dataset-IGRB1092_14cls/04.barroco/5bc0ca38b7006.jpg,3
../Data/Dataset-IGRB1092_14cls/04.barroco/chancilleria_granada2.jpg,3
../Data/Dataset-IGRB1092_14cls/04.barroco/chancilleria_granada10.jpg,3
../Data/Dataset-IGRB1092_14cls/03.renacentista/5bdef0fa697b6.jpg,2
../Data/Dataset-IGRB1092_14cls/04.barroco/palacio_quemadas_cordoba.jpg,3
../Data/Dataset-IGRB1092_14cls/04.barroco/5bded5483c8c8.jpg,3
../Data/Dataset-IGRB1092_14cls/04.barroco/5bb7b650342fc.jpg,3
../Data/Dataset-IGRB1092_14cls/04.barroco/5bc7653766351.jpg,3
../Data/Dataset-IGRB1092_14cls/04.barroco/5bacbbeed360e.jpg,3
../Data/Dataset-IGRB1092_14cls/02.gotico/catedral_leon13.jpg,1
../Data/Dataset-IGRB1092_14cls/01.musulman/puerta_san_isidro_mezquita_cordoba4.jpg,0
../Data/Dataset-IGRB1092_14cls/03.renacentista/palacio_carlos_v_granada16.jpg,2
../Data/Dataset-IGRB1092_14cls/02.gotico/iglesia_san_pablo_ubeda.jpg,1
../Data/Dataset-IGRB1092_14cls/03.renacentista/palacio_carlos_v_granada10.jpg,2
../Data/Dataset-IGRB1092_14cls/02.gotico/torre_fadrique.jpg,1
../Data/Dataset-IGRB1092_14cls/03.renacentista/iglesia_del_sagrario_jaen2.jpg,2
../Data/Dataset-IGRB1092_14cls/04.barroco/5bb1ff537029b.jpg,3
../Data/Dataset-IGRB1092_14cls/03.renacentista/ayuntamiento_baeza7.jpg,2
../Data/Dataset-IGRB1092_14cls/04.barroco/palacio_bibataubin_granada.jpg,3
../Data/Dataset-IGRB1092_14cls/04.barroco/5bad4d2d540bf.jpg,3
../Data/Dataset-IGRB1092_14cls/01.musulman/20181212_113410.jpg,0
../Data/Dataset-IGRB1092_14cls/04.barroco/5bb5f605c1f88.jpg,3
../Data/Dataset-IGRB1092_14cls/01.musulman/medina_azahara24.jpg,0
../Data/Dataset-IGRB1092_14cls/02.gotico/casa_abrantes_granada5.jpg,1
../Data/Dataset-IGRB1092_14cls/02.gotico/iglesia_san_nicolas_ubeda2.jpg,1
../Data/Dataset-IGRB1092_14cls/01.musulman/patio_doncella_reales_alcazares_sevilla11.jpg,0
../Data/Dataset-IGRB1092_14cls/01.musulman/puerta_visires_mezquita_cordoba3.jpg,0
../Data/Dataset-IGRB1092_14cls/04.barroco/hospital_san_juan_de_dios_granada4.jpg,3
../Data/Dataset-IGRB1092_14cls/03.renacentista/puerta_perdon_catedral_granada5.jpg,2
../Data/Dataset-IGRB1092_14cls/03.renacentista/5bc700709ccd1.jpg,2
../Data/Dataset-IGRB1092_14cls/02.gotico/iglesia_san_pablo_ubeda8.jpg,1
../Data/Dataset-IGRB1092_14cls/04.barroco/facultad_derecho_granada4.jpg,3
../Data/Dataset-IGRB1092_14cls/04.barroco/iglesia_caridad_sevilla2.jpg,3
../Data/Dataset-IGRB1092_14cls/02.gotico/casa_abrantes_granada6.jpg,1
../Data/Dataset-IGRB1092_14cls/03.renacentista/5bb0b22d051f2.jpg,2
../Data/Dataset-IGRB1092_14cls/02.gotico/iglesia_santiago_jerez.jpg,1
../Data/Dataset-IGRB1092_14cls/04.barroco/iglesia_caridad_sevilla8.jpg,3
../Data/Dataset-IGRB1092_14cls/02.gotico/catedral_leon10.jpg,1
../Data/Dataset-IGRB1092_14cls/02.gotico/5bd3513c8e708.jpg,1
../Data/Dataset-IGRB1092_14cls/04.barroco/compas_convento_santa_isabel_granada2.jpg,3
../Data/Dataset-IGRB1092_14cls/02.gotico/5b8a5fbbcc59f.jpg,1
../Data/Dataset-IGRB1092_14cls/03.renacentista/palacio_carlos_v_granada9.jpg,2
../Data/Dataset-IGRB1092_14cls/04.barroco/facultad_derecho_granada6.jpg,3
../Data/Dataset-IGRB1092_14cls/03.renacentista/san_pedro_cordoba3.jpg,2
../Data/Dataset-IGRB1092_14cls/02.gotico/catedral_burgos7.jpg,1
../Data/Dataset-IGRB1092_14cls/02.gotico/torre_fadrique2.jpg,1
../Data/Dataset-IGRB1092_14cls/04.barroco/iglesia_san_francisco_cordoba3.jpg,3
../Data/Dataset-IGRB1092_14cls/02.gotico/catedral_sevilla5.jpg,1
../Data/Dataset-IGRB1092_14cls/01.musulman/5bc5c30c3eaf6.jpg,0
../Data/Dataset-IGRB1092_14cls/04.barroco/hospital_rreal_granada2.jpg,3
../Data/Dataset-IGRB1092_14cls/01.musulman/5bc770cef1fc2.jpg,0
../Data/Dataset-IGRB1092_14cls/04.barroco/casa_zayas_granada.jpg,3
../Data/Dataset-IGRB1092_14cls/02.gotico/basilica_santa_maria_arcos_frontera6.jpg,1
../Data/Dataset-IGRB1092_14cls/02.gotico/iglesia_sabiote.jpg,1
../Data/Dataset-IGRB1092_14cls/02.gotico/catedral_leon2.jpg,1
../Data/Dataset-IGRB1092_14cls/02.gotico/catedral_toledo2.jpg,1
../Data/Dataset-IGRB1092_14cls/04.barroco/iglesia_san_pedro_pablo_granada3.jpg,3
../Data/Dataset-IGRB1092_14cls/03.renacentista/palacio_carlos_v_granada4.jpg,2
../Data/Dataset-IGRB1092_14cls/01.musulman/5bbe3f16a2771.jpg,0
../Data/Dataset-IGRB1092_14cls/02.gotico/5c0bb7b366f86.jpg,1
../Data/Dataset-IGRB1092_14cls/02.gotico/catedral_sevilla.jpg,1
../Data/Dataset-IGRB1092_14cls/01.musulman/puerta_elvira_granada4.jpg,0
../Data/Dataset-IGRB1092_14cls/04.barroco/iglesia_caridad_sevilla.jpg,3
../Data/Dataset-IGRB1092_14cls/02.gotico/iglesia_sabiote7.jpg,1
../Data/Dataset-IGRB1092_14cls/03.renacentista/iglesia_san_bartolome.jpg,2
../Data/Dataset-IGRB1092_14cls/02.gotico/puerta_apostoles_catedra_valencia6.jpg,1
../Data/Dataset-IGRB1092_14cls/01.musulman/medina_azahara27.jpg,0
../Data/Dataset-IGRB1092_14cls/01.musulman/5b8d7959a3101.jpg,0
../Data/Dataset-IGRB1092_14cls/02.gotico/5bdf0be820358.jpg,1
../Data/Dataset-IGRB1092_14cls/03.renacentista/casa_torres_ubeda4.jpg,2
../Data/Dataset-IGRB1092_14cls/01.musulman/puerta_san_isidro_mezquita_cordoba3.jpg,0
../Data/Dataset-IGRB1092_14cls/02.gotico/5bdf0bbee1eb6.jpg,1
../Data/Dataset-IGRB1092_14cls/02.gotico/puerta_apostoles_catedra_valencia2.jpg,1
../Data/Dataset-IGRB1092_14cls/01.musulman/ermita_sansebastian3.jpg,0
../Data/Dataset-IGRB1092_14cls/03.renacentista/iglesia_asuncion_jodar.jpg,2
../Data/Dataset-IGRB1092_14cls/02.gotico/5bc9a11663f9b.jpg,1
../Data/Dataset-IGRB1092_14cls/03.renacentista/iglesia_del_sagrario_jaen4.jpg,2
../Data/Dataset-IGRB1092_14cls/04.barroco/catedral_granada5.jpg,3
../Data/Dataset-IGRB1092_14cls/02.gotico/catedral_toledo4.jpg,1
../Data/Dataset-IGRB1092_14cls/02.gotico/5bc76dba8ef2f.jpg,1
../Data/Dataset-IGRB1092_14cls/01.musulman/5bbcca54787e1.jpg,0
../Data/Dataset-IGRB1092_14cls/03.renacentista/ayuntamiento_baeza11.jpg,2
../Data/Dataset-IGRB1092_14cls/04.barroco/5bc75e652da1b.jpg,3
../Data/Dataset-IGRB1092_14cls/04.barroco/catedral_granada8.jpg,3
../Data/Dataset-IGRB1092_14cls/01.musulman/alminar_san_jose_granada6.jpg,0
../Data/Dataset-IGRB1092_14cls/03.renacentista/palacio_carlos_v_granada20.jpg,2
../Data/Dataset-IGRB1092_14cls/02.gotico/catedral_burgos.jpg,1
../Data/Dataset-IGRB1092_14cls/03.renacentista/palacio_carlos_v_granada12.jpg,2
../Data/Dataset-IGRB1092_14cls/02.gotico/casa_zafra_granada2.jpg,1
../Data/Dataset-IGRB1092_14cls/01.musulman/5bec1e6a04058.jpg,0
../Data/Dataset-IGRB1092_14cls/04.barroco/facultad_derecho_granada3.jpg,3
../Data/Dataset-IGRB1092_14cls/01.musulman/aljibe_san_miguel_bajo.jpg,0
../Data/Dataset-IGRB1092_14cls/03.renacentista/catedral_santa_maria_sevilla2.jpg,2
../Data/Dataset-IGRB1092_14cls/04.barroco/casa_cadenas_cadiz4.jpg,3
../Data/Dataset-IGRB1092_14cls/01.musulman/5bbcca84a8516.jpg,0
../Data/Dataset-IGRB1092_14cls/03.renacentista/5bde0353e3682.jpg,2
../Data/Dataset-IGRB1092_14cls/03.renacentista/5bb5f42a2c989.jpg,2
../Data/Dataset-IGRB1092_14cls/03.renacentista/5bcc411061ead.jpg,2
../Data/Dataset-IGRB1092_14cls/01.musulman/puerta_monaita_granada.jpg,0
../Data/Dataset-IGRB1092_14cls/02.gotico/5bdf0bf35d6ef.jpg,1
../Data/Dataset-IGRB1092_14cls/01.musulman/corralcarbon2.jpg,0
../Data/Dataset-IGRB1092_14cls/01.musulman/20181212_115543.jpg,0
../Data/Dataset-IGRB1092_14cls/02.gotico/puerta_apostoles_catedral_valencia.jpg,1
../Data/Dataset-IGRB1092_14cls/02.gotico/iglesia_san_pablo_ubeda10.jpg,1
../Data/Dataset-IGRB1092_14cls/01.musulman/medina_azahara36.jpg,0
../Data/Dataset-IGRB1092_14cls/01.musulman/20181212_145543.jpg,0
../Data/Dataset-IGRB1092_14cls/04.barroco/5bacb69c505b0.jpg,3
../Data/Dataset-IGRB1092_14cls/04.barroco/colegio_san_fernando_granada2.jpg,3
../Data/Dataset-IGRB1092_14cls/02.gotico/casa_abrantes_granada8.jpg,1
../Data/Dataset-IGRB1092_14cls/01.musulman/corral_carbon_granada11.jpg,0
../Data/Dataset-IGRB1092_14cls/04.barroco/5bc766248ada8.jpg,3
../Data/Dataset-IGRB1092_14cls/04.barroco/5ba899636f449.jpg,3
../Data/Dataset-IGRB1092_14cls/04.barroco/chancilleria_granada12.jpg,3
../Data/Dataset-IGRB1092_14cls/03.renacentista/san_pedro_cordoba2.jpg,2
../Data/Dataset-IGRB1092_14cls/01.musulman/5baf1bc3da161.jpg,0
../Data/Dataset-IGRB1092_14cls/03.renacentista/20181212_110256.jpg,2
../Data/Dataset-IGRB1092_14cls/04.barroco/chancilleria_granada4.jpg,3
../Data/Dataset-IGRB1092_14cls/02.gotico/puerta_bautismo_catedral_sevilla9.jpg,1
../Data/Dataset-IGRB1092_14cls/03.renacentista/5bb5f3109fda8.jpg,2
../Data/Dataset-IGRB1092_14cls/01.musulman/20181212_115509.jpg,0
../Data/Dataset-IGRB1092_14cls/04.barroco/chancilleria_granada3.jpg,3
../Data/Dataset-IGRB1092_14cls/01.musulman/5be5e804a3167.jpg,0
../Data/Dataset-IGRB1092_14cls/02.gotico/casa_abrantes_granada2.jpg,1
../Data/Dataset-IGRB1092_14cls/01.musulman/puerta_atarazanas_malaga4.jpg,0
../Data/Dataset-IGRB1092_14cls/01.musulman/20181212_112649.jpg,0
../Data/Dataset-IGRB1092_14cls/02.gotico/palacio_salcedo2.jpg,1
../Data/Dataset-IGRB1092_14cls/01.musulman/puerta_san_isidro_mezquita_cordoba2.jpg,0
../Data/Dataset-IGRB1092_14cls/03.renacentista/puerta_puente_cordoba16.jpg,2
../Data/Dataset-IGRB1092_14cls/03.renacentista/iglesia_guadahortuna.jpg,2
../Data/Dataset-IGRB1092_14cls/04.barroco/5bc8b5000bde2.jpg,3
../Data/Dataset-IGRB1092_14cls/01.musulman/patio_doncella_reales_alcazares_sevilla13.jpg,0
../Data/Dataset-IGRB1092_14cls/03.renacentista/5bdef11ecc329.jpg,2
../Data/Dataset-IGRB1092_14cls/03.renacentista/iglesia_santa_fe_granada.jpg,2
../Data/Dataset-IGRB1092_14cls/03.renacentista/catedral_santa_maria_sevilla.jpg,2
../Data/Dataset-IGRB1092_14cls/01.musulman/medina_azahara13.jpg,0
../Data/Dataset-IGRB1092_14cls/04.barroco/casa_carvajales_granada.jpg,3
../Data/Dataset-IGRB1092_14cls/04.barroco/iglesia_san_juan_de_dios_granada2.jpg,3
../Data/Dataset-IGRB1092_14cls/02.gotico/catedral_burgos5.jpg,1
../Data/Dataset-IGRB1092_14cls/02.gotico/5bc4b0000a171.jpg,1
../Data/Dataset-IGRB1092_14cls/04.barroco/hospital_real_granada5.jpg,3
../Data/Dataset-IGRB1092_14cls/04.barroco/casa_calle_san_matias_granada3.jpg,3
../Data/Dataset-IGRB1092_14cls/04.barroco/5bec4cccf3ed2.jpg,3
../Data/Dataset-IGRB1092_14cls/01.musulman/medina_azahara8.jpg,0
../Data/Dataset-IGRB1092_14cls/03.renacentista/puerta_puente_cordoba15.jpg,2
../Data/Dataset-IGRB1092_14cls/03.renacentista/5bdd586f9ce77.jpg,2
../Data/Dataset-IGRB1092_14cls/01.musulman/puerta_de_las_pesas_granada4.jpg,0
../Data/Dataset-IGRB1092_14cls/02.gotico/5b8ecc074657b.jpg,1
../Data/Dataset-IGRB1092_14cls/02.gotico/5bcaece80705a.jpg,1
../Data/Dataset-IGRB1092_14cls/02.gotico/palacio_jabalquinto_baeza4.jpg,1
../Data/Dataset-IGRB1092_14cls/02.gotico/basilica_santa_maria_arcos_frontera3.jpg,1
../Data/Dataset-IGRB1092_14cls/02.gotico/casa_bailio_cordoba.jpg,1
../Data/Dataset-IGRB1092_14cls/04.barroco/5bc75ee5ebe5d.jpg,3
../Data/Dataset-IGRB1092_14cls/02.gotico/5b8a5ba9e33b5.jpg,1
../Data/Dataset-IGRB1092_14cls/02.gotico/iglesia_nuestra_señora_de_la_o_chipiona.jpg,1
../Data/Dataset-IGRB1092_14cls/04.barroco/iglesia_señora_gracia_estepa2.jpg,3
../Data/Dataset-IGRB1092_14cls/01.musulman/5bd577ad73bb0.jpg,0
../Data/Dataset-IGRB1092_14cls/04.barroco/5bcaedfc23bdb.jpg,3
../Data/Dataset-IGRB1092_14cls/02.gotico/puerta_apostoles_catedra_valencia5.jpg,1
../Data/Dataset-IGRB1092_14cls/04.barroco/iglesia_caridad_sevilla10.jpg,3
../Data/Dataset-IGRB1092_14cls/03.renacentista/colegio_niñas_nobles_granada2.jpg,2
../Data/Dataset-IGRB1092_14cls/04.barroco/5bc765452f841.jpg,3
../Data/Dataset-IGRB1092_14cls/03.renacentista/puerta_perdon_catedral_granada9.jpg,2
../Data/Dataset-IGRB1092_14cls/04.barroco/5bc75e18d7f9a.jpg,3
../Data/Dataset-IGRB1092_14cls/01.musulman/medina_azahara10.jpg,0
../Data/Dataset-IGRB1092_14cls/04.barroco/5bb727333c120.jpg,3
../Data/Dataset-IGRB1092_14cls/04.barroco/colegio_san_telmo_sevilla5.jpg,3
../Data/Dataset-IGRB1092_14cls/04.barroco/5bec3a0558cf5.jpg,3
../Data/Dataset-IGRB1092_14cls/01.musulman/5bd579c5023a7.jpg,0
../Data/Dataset-IGRB1092_14cls/04.barroco/chancilleria_granada14.jpg,3
../Data/Dataset-IGRB1092_14cls/04.barroco/casa_marqueses_de_cartagena_granada2.jpg,3
../Data/Dataset-IGRB1092_14cls/03.renacentista/ayuntamiento_sevilla10.jpg,2
../Data/Dataset-IGRB1092_14cls/04.barroco/palacio_bibataubin_granada3.jpg,3
../Data/Dataset-IGRB1092_14cls/01.musulman/medina_azahara34.jpg,0
../Data/Dataset-IGRB1092_14cls/04.barroco/iglesia_san_juan_de_dios_granada4.jpg,3
../Data/Dataset-IGRB1092_14cls/03.renacentista/puerta_granada_granada.jpg,2
../Data/Dataset-IGRB1092_14cls/04.barroco/5bc75ddc3d1ba.jpg,3
../Data/Dataset-IGRB1092_14cls/03.renacentista/5bb350a2e289a.jpg,2
../Data/Dataset-IGRB1092_14cls/04.barroco/iglesia_angustias_granada4.jpg,3
../Data/Dataset-IGRB1092_14cls/03.renacentista/puerta_perdon_catedral_granada.jpg,2
../Data/Dataset-IGRB1092_14cls/03.renacentista/casa_torres_ubeda5.jpg,2
../Data/Dataset-IGRB1092_14cls/02.gotico/20181212_105521.jpg,1
../Data/Dataset-IGRB1092_14cls/03.renacentista/puerta_puente_cordoba13.jpg,2
../Data/Dataset-IGRB1092_14cls/04.barroco/5bc765338c390.jpg,3
../Data/Dataset-IGRB1092_14cls/01.musulman/5bb0a6a0a9219.jpg,0
../Data/Dataset-IGRB1092_14cls/02.gotico/hospital_san_sebastian_cordoba3.jpg,1
../Data/Dataset-IGRB1092_14cls/03.renacentista/5bd33de5f3fa8.jpg,2
../Data/Dataset-IGRB1092_14cls/03.renacentista/convento_santa_clara_ubeda3.jpg,2
../Data/Dataset-IGRB1092_14cls/03.renacentista/20181212_114855.jpg,2
../Data/Dataset-IGRB1092_14cls/03.renacentista/iglesia_guadahortuna2.jpg,2
../Data/Dataset-IGRB1092_14cls/04.barroco/san_felipe_neri_baeza8.jpg,3
../Data/Dataset-IGRB1092_14cls/04.barroco/santos_justo_pastor_granada.jpg,3
../Data/Dataset-IGRB1092_14cls/03.renacentista/5bc601592c5ae.jpg,2
../Data/Dataset-IGRB1092_14cls/04.barroco/catedral_jaen5.jpg,3
../Data/Dataset-IGRB1092_14cls/03.renacentista/5bd5a68809887.jpg,2
../Data/Dataset-IGRB1092_14cls/03.renacentista/casa_cabildo_jerez3.jpg,2
../Data/Dataset-IGRB1092_14cls/01.musulman/patio_doncella_reales_alcazares_sevilla.jpg,0
../Data/Dataset-IGRB1092_14cls/04.barroco/san_felipe_neri_baeza4.jpg,3
../Data/Dataset-IGRB1092_14cls/01.musulman/puerta_del_vino_granada11.jpg,0
../Data/Dataset-IGRB1092_14cls/03.renacentista/iglesia_salvador_ubeda3.jpg,2
../Data/Dataset-IGRB1092_14cls/04.barroco/5bc4cdce3fab8.jpg,3
../Data/Dataset-IGRB1092_14cls/01.musulman/5bacbaeb59ca4.jpg,0
../Data/Dataset-IGRB1092_14cls/03.renacentista/5bc0b3ee639ce.jpg,2
../Data/Dataset-IGRB1092_14cls/04.barroco/convento_carmelitas_descalzas_granada2.jpg,3
../Data/Dataset-IGRB1092_14cls/04.barroco/casa_conde_gabia_granada2.jpg,3
../Data/Dataset-IGRB1092_14cls/03.renacentista/5bb799f258d34.jpg,2
../Data/Dataset-IGRB1092_14cls/04.barroco/5bb0b452a19f9.jpg,3
../Data/Dataset-IGRB1092_14cls/04.barroco/basilica_angustias_granada2.jpg,3
../Data/Dataset-IGRB1092_14cls/01.musulman/puerta_atarazanas_malaga.jpg,0
../Data/Dataset-IGRB1092_14cls/03.renacentista/5bd96e97c779b.jpg,2
../Data/Dataset-IGRB1092_14cls/03.renacentista/palacio_cadenas_ubeda18.jpg,2
../Data/Dataset-IGRB1092_14cls/03.renacentista/5bec3f44c6943.jpg,2
../Data/Dataset-IGRB1092_14cls/02.gotico/iglesia_san_nicolas_ubeda3.jpg,1
../Data/Dataset-IGRB1092_14cls/02.gotico/5be9a109254fb.jpg,1
../Data/Dataset-IGRB1092_14cls/02.gotico/basilica_santa_maria_arcos_frontera7.jpg,1
../Data/Dataset-IGRB1092_14cls/04.barroco/catedral_guadix5.jpg,3
../Data/Dataset-IGRB1092_14cls/01.musulman/5bad538f2022e.jpg,0
../Data/Dataset-IGRB1092_14cls/04.barroco/iglesia_caridad_sevilla4.jpg,3
../Data/Dataset-IGRB1092_14cls/03.renacentista/santa_maria_puebla_fadrique.jpg,2
../Data/Dataset-IGRB1092_14cls/02.gotico/5c0d0de30a8f2.jpg,1
../Data/Dataset-IGRB1092_14cls/01.musulman/5bd3504ad94ce.jpg,0
../Data/Dataset-IGRB1092_14cls/03.renacentista/palacio_carlos_v_granada6.jpg,2
../Data/Dataset-IGRB1092_14cls/04.barroco/catedral_granada3.jpg,3
../Data/Dataset-IGRB1092_14cls/04.barroco/5bad4cbc18c44.jpg,3
../Data/Dataset-IGRB1092_14cls/01.musulman/5bd4b5dfc5dd4.jpg,0
../Data/Dataset-IGRB1092_14cls/03.renacentista/carcel_martos5.jpg,2
../Data/Dataset-IGRB1092_14cls/02.gotico/convento_clarisas_palencia5.jpg,1
../Data/Dataset-IGRB1092_14cls/02.gotico/puerta_bautismo_catedral_sevilla10.jpg,1
../Data/Dataset-IGRB1092_14cls/04.barroco/5bae63c34ffa2.jpg,3
../Data/Dataset-IGRB1092_14cls/04.barroco/5bd3458c10e5f.jpg,3
../Data/Dataset-IGRB1092_14cls/04.barroco/5baff8c138f48.jpg,3
../Data/Dataset-IGRB1092_14cls/02.gotico/5bdf0b71aba0a.jpg,1
../Data/Dataset-IGRB1092_14cls/04.barroco/catedral_granada2.jpg,3
../Data/Dataset-IGRB1092_14cls/01.musulman/patio_doncella_reales_alcazares_sevilla3.jpg,0
../Data/Dataset-IGRB1092_14cls/04.barroco/colegio_san_telmo_sevilla6.jpg,3
../Data/Dataset-IGRB1092_14cls/04.barroco/5bc306e82d209.jpg,3
../Data/Dataset-IGRB1092_14cls/01.musulman/20181212_130052.jpg,0
../Data/Dataset-IGRB1092_14cls/02.gotico/hospital_san_sebastian_cordoba7.jpg,1
../Data/Dataset-IGRB1092_14cls/03.renacentista/5bb90da49c913.jpg,2
../Data/Dataset-IGRB1092_14cls/01.musulman/5bacf44fbf465.jpg,0
../Data/Dataset-IGRB1092_14cls/02.gotico/20181212_105134.jpg,1
../Data/Dataset-IGRB1092_14cls/02.gotico/palacio_jabalquinto_baeza6.jpg,1
../Data/Dataset-IGRB1092_14cls/01.musulman/medina_azahara2.jpg,0
../Data/Dataset-IGRB1092_14cls/03.renacentista/casa_torres_ubeda.jpg,2
../Data/Dataset-IGRB1092_14cls/04.barroco/iglesia_angustias_granada2.jpg,3
../Data/Dataset-IGRB1092_14cls/02.gotico/puerta_bautismo_catedral_sevilla6.jpg,1
../Data/Dataset-IGRB1092_14cls/04.barroco/5baf40c466f03.jpg,3
../Data/Dataset-IGRB1092_14cls/02.gotico/palacio_jabalquinto_baeza3.jpg,1
../Data/Dataset-IGRB1092_14cls/03.renacentista/5bb733b336220.jpg,2
../Data/Dataset-IGRB1092_14cls/02.gotico/palacio_jabalquinto_baeza5.jpg,1
../Data/Dataset-IGRB1092_14cls/04.barroco/colegio_san_telmo_sevilla.jpg,3
../Data/Dataset-IGRB1092_14cls/02.gotico/puerta_infierno_catedral_toledo.jpg,1
../Data/Dataset-IGRB1092_14cls/04.barroco/palacio_bibataubin_granada2.jpg,3
../Data/Dataset-IGRB1092_14cls/03.renacentista/puerta_puente_cordoba4.jpg,2
../Data/Dataset-IGRB1092_14cls/03.renacentista/colegio_niñas_nobles_granada.jpg,2
../Data/Dataset-IGRB1092_14cls/03.renacentista/palacio_carlos_v_granada8.jpg,2
../Data/Dataset-IGRB1092_14cls/03.renacentista/5bc76d50783ef.jpg,2
../Data/Dataset-IGRB1092_14cls/01.musulman/5bae5a9241e08.jpg,0
../Data/Dataset-IGRB1092_14cls/04.barroco/iglesia_caridad_sevilla5.jpg,3
../Data/Dataset-IGRB1092_14cls/04.barroco/san_juan_cordoba.jpg,3
../Data/Dataset-IGRB1092_14cls/03.renacentista/palacio_cadenas_ubeda16.jpg,2
../Data/Dataset-IGRB1092_14cls/02.gotico/catedral_burgos8.jpg,1
../Data/Dataset-IGRB1092_14cls/01.musulman/5bb0a6aa5f6e4.jpg,0
../Data/Dataset-IGRB1092_14cls/01.musulman/puerta_visires_mezquita_cordoba.jpg,0
../Data/Dataset-IGRB1092_14cls/03.renacentista/casa_torres_ubeda2.jpg,2
../Data/Dataset-IGRB1092_14cls/02.gotico/catedral_burgos9.jpg,1
../Data/Dataset-IGRB1092_14cls/02.gotico/iglesia_santa_maría_del_pi_barcelona.jpg,1
../Data/Dataset-IGRB1092_14cls/01.musulman/5baf19070489a.jpg,0
../Data/Dataset-IGRB1092_14cls/02.gotico/5c1f88d3cf075.jpg,1
../Data/Dataset-IGRB1092_14cls/04.barroco/hospital_real_granada.jpg,3
../Data/Dataset-IGRB1092_14cls/03.renacentista/20181212_110242.jpg,2
../Data/Dataset-IGRB1092_14cls/04.barroco/5bb71c8a2ffb6.jpg,3
../Data/Dataset-IGRB1092_14cls/04.barroco/5bd33eb67044c.jpg,3
../Data/Dataset-IGRB1092_14cls/04.barroco/5bba92638b868.jpg,3
../Data/Dataset-IGRB1092_14cls/03.renacentista/santa_maria_antequera5.jpg,2
../Data/Dataset-IGRB1092_14cls/01.musulman/puerta_de_las_pesas_granada2.jpg,0
../Data/Dataset-IGRB1092_14cls/02.gotico/puerta_apostoles_catedra_valencia3.jpg,1
../Data/Dataset-IGRB1092_14cls/01.musulman/corral_carbon_granada7.jpg,0
../Data/Dataset-IGRB1092_14cls/03.renacentista/casa_lonja_sevilla_patio2.jpg,2
../Data/Dataset-IGRB1092_14cls/04.barroco/5bdb228d13793.jpg,3
../Data/Dataset-IGRB1092_14cls/01.musulman/20181212_122859.jpg,0
../Data/Dataset-IGRB1092_14cls/04.barroco/palacio_ansoti_granada9.jpg,3
../Data/Dataset-IGRB1092_14cls/01.musulman/5bcdf82621374.jpg,0
../Data/Dataset-IGRB1092_14cls/01.musulman/5bec1e4b72f12.jpg,0
../Data/Dataset-IGRB1092_14cls/03.renacentista/casa_lonja_sevilla_patio.jpg,2
../Data/Dataset-IGRB1092_14cls/03.renacentista/santa_maria_antequera4.jpg,2
../Data/Dataset-IGRB1092_14cls/04.barroco/catedral_jaen2.jpg,3
../Data/Dataset-IGRB1092_14cls/01.musulman/alminar_san_jose_granada5.jpg,0
../Data/Dataset-IGRB1092_14cls/02.gotico/casa_zafra_granada4.jpg,1
../Data/Dataset-IGRB1092_14cls/04.barroco/casa_cadenas_cadiz2.jpg,3
../Data/Dataset-IGRB1092_14cls/01.musulman/medina_azahara33.jpg,0
../Data/Dataset-IGRB1092_14cls/04.barroco/iglesia_gracia_granada.jpg,3
../Data/Dataset-IGRB1092_14cls/04.barroco/hospital_san_juan_de_dios_granada2.jpg,3
../Data/Dataset-IGRB1092_14cls/03.renacentista/ayuntamiento_baeza6.jpg,2
../Data/Dataset-IGRB1092_14cls/03.renacentista/puerta_puente_cordoba7.jpg,2
../Data/Dataset-IGRB1092_14cls/02.gotico/igl_arcos_frontera.jpg,1
../Data/Dataset-IGRB1092_14cls/04.barroco/san_juan_dios_antequera.jpg,3
../Data/Dataset-IGRB1092_14cls/03.renacentista/5bb8b7efe4c9c.jpg,2
../Data/Dataset-IGRB1092_14cls/01.musulman/5bdee0fc89299.jpg,0
../Data/Dataset-IGRB1092_14cls/01.musulman/5bec3b6fce57a.jpg,0
../Data/Dataset-IGRB1092_14cls/04.barroco/5bebfefce3f27.jpg,3
../Data/Dataset-IGRB1092_14cls/01.musulman/alcazaba_malaga2.jpg,0
../Data/Dataset-IGRB1092_14cls/02.gotico/5bc76dc28fd08.jpg,1
../Data/Dataset-IGRB1092_14cls/01.musulman/20181212_122211.jpg,0
../Data/Dataset-IGRB1092_14cls/04.barroco/5be5b0ed738a7.jpg,3
../Data/Dataset-IGRB1092_14cls/01.musulman/20181212_115516.jpg,0
../Data/Dataset-IGRB1092_14cls/01.musulman/puerta_atarazanas_malaga2.jpg,0
../Data/Dataset-IGRB1092_14cls/01.musulman/puerta_del_vino_granada7.jpg,0
../Data/Dataset-IGRB1092_14cls/04.barroco/5bae53e32e1a7.jpg,3
../Data/Dataset-IGRB1092_14cls/01.musulman/5bccb200d68f2.jpg,0
../Data/Dataset-IGRB1092_14cls/01.musulman/puerta_justicia_granada2.jpg,0
../Data/Dataset-IGRB1092_14cls/02.gotico/5c0d10a4df5cb.jpg,1
../Data/Dataset-IGRB1092_14cls/04.barroco/iglesia_caridad_sevilla3.jpg,3
../Data/Dataset-IGRB1092_14cls/01.musulman/puerta_mihrab_mezquita_cordoba.jpg,0
../Data/Dataset-IGRB1092_14cls/03.renacentista/santa_maria_antequera2.jpg,2
../Data/Dataset-IGRB1092_14cls/01.musulman/puerta_elvira_granada6.jpg,0
../Data/Dataset-IGRB1092_14cls/04.barroco/5bc75e6119173.jpg,3
../Data/Dataset-IGRB1092_14cls/04.barroco/hospital_real_granada2.jpg,3
../Data/Dataset-IGRB1092_14cls/03.renacentista/5bb897329f5cd.jpg,2
../Data/Dataset-IGRB1092_14cls/01.musulman/medina_azahara3.jpg,0
../Data/Dataset-IGRB1092_14cls/02.gotico/5bb8e97e9badf.jpg,1
../Data/Dataset-IGRB1092_14cls/04.barroco/5bc4d231daaf1.jpg,3
../Data/Dataset-IGRB1092_14cls/01.musulman/20181212_112802.jpg,0
../Data/Dataset-IGRB1092_14cls/01.musulman/medina_azahara22.jpg,0
../Data/Dataset-IGRB1092_14cls/03.renacentista/iglesia_san_cecilio_granada5.jpg,2
../Data/Dataset-IGRB1092_14cls/04.barroco/san_felipe_neri_baeza5.jpg,3
../Data/Dataset-IGRB1092_14cls/02.gotico/puerta_bautismo_catedral_sevilla3.jpg,1
../Data/Dataset-IGRB1092_14cls/04.barroco/5bc0c8c89fd21.jpg,3
../Data/Dataset-IGRB1092_14cls/01.musulman/alhambra.jpg,0
../Data/Dataset-IGRB1092_14cls/01.musulman/puerta_mihrab_mezquita_cordoba6.jpg,0
../Data/Dataset-IGRB1092_14cls/04.barroco/5bd6e9b7c0050.jpg,3
../Data/Dataset-IGRB1092_14cls/04.barroco/5bc8b54ede14c.jpg,3
../Data/Dataset-IGRB1092_14cls/01.musulman/corral_carbon_granada9.jpg,0
../Data/Dataset-IGRB1092_14cls/02.gotico/iglesia_san_pablo_ubeda5.jpg,1
../Data/Dataset-IGRB1092_14cls/01.musulman/medina_azahara14.jpg,0
../Data/Dataset-IGRB1092_14cls/02.gotico/catedral_leon9.jpg,1
../Data/Dataset-IGRB1092_14cls/04.barroco/5bc76480c1ac8.jpg,3
../Data/Dataset-IGRB1092_14cls/01.musulman/20181212_125945.jpg,0
../Data/Dataset-IGRB1092_14cls/03.renacentista/5be5e90c36652.jpg,2
../Data/Dataset-IGRB1092_14cls/03.renacentista/5bb28db47335d.jpg,2
../Data/Dataset-IGRB1092_14cls/01.musulman/patio_doncella_reales_alcazares_sevilla4.jpg,0
../Data/Dataset-IGRB1092_14cls/04.barroco/catedral_jaen4.jpg,3
../Data/Dataset-IGRB1092_14cls/04.barroco/5bb1c89ba7002.jpg,3
../Data/Dataset-IGRB1092_14cls/04.barroco/5bc75e8d06c33.jpg,3
../Data/Dataset-IGRB1092_14cls/04.barroco/colegio_bartolome_santiago_granada.jpg,3
../Data/Dataset-IGRB1092_14cls/01.musulman/5bd34f039bd23.jpg,0
../Data/Dataset-IGRB1092_14cls/04.barroco/hospital_san_juan_de_dios_granada6.jpg,3
../Data/Dataset-IGRB1092_14cls/03.renacentista/monasterio_cartuja_granada.jpg,2
../Data/Dataset-IGRB1092_14cls/03.renacentista/puerta_puente_cordoba14.jpg,2
../Data/Dataset-IGRB1092_14cls/02.gotico/5bc8af93c364c.jpg,1
../Data/Dataset-IGRB1092_14cls/02.gotico/iglesia_san_nicolas_ubeda4.jpg,1
../Data/Dataset-IGRB1092_14cls/03.renacentista/ayuntamiento_baeza4.jpg,2
../Data/Dataset-IGRB1092_14cls/03.renacentista/ayuntamiento_baeza8.jpg,2
../Data/Dataset-IGRB1092_14cls/03.renacentista/puerta_puente_cordoba10.jpg,2
../Data/Dataset-IGRB1092_14cls/04.barroco/palacio_quemadas_cordoba2.jpg,3
../Data/Dataset-IGRB1092_14cls/01.musulman/5bacb800b40e1.jpg,0
../Data/Dataset-IGRB1092_14cls/04.barroco/5bc9a5fe2bed8.jpg,3
../Data/Dataset-IGRB1092_14cls/02.gotico/puerta_bautismo_catedral_sevilla2.jpg,1
../Data/Dataset-IGRB1092_14cls/03.renacentista/5bacb79d05343.jpg,2
../Data/Dataset-IGRB1092_14cls/01.musulman/puerta_del_vino_granada2.jpg,0
../Data/Dataset-IGRB1092_14cls/04.barroco/iglesia_san_pedro_pablo_granada2.jpg,3
../Data/Dataset-IGRB1092_14cls/04.barroco/5baf578813fe8.jpg,3
../Data/Dataset-IGRB1092_14cls/01.musulman/20181212_115633.jpg,0
../Data/Dataset-IGRB1092_14cls/04.barroco/5bc73389c0e69.jpg,3
../Data/Dataset-IGRB1092_14cls/02.gotico/5c1f80682f9df.jpg,1
../Data/Dataset-IGRB1092_14cls/01.musulman/medina_azahara25.jpg,0
../Data/Dataset-IGRB1092_14cls/02.gotico/catedral_sevilla6.jpg,1
../Data/Dataset-IGRB1092_14cls/01.musulman/medina_azahara7.jpg,0
../Data/Dataset-IGRB1092_14cls/01.musulman/5bdee1652730b.jpg,0
../Data/Dataset-IGRB1092_14cls/04.barroco/5bc765746e381.jpg,3
../Data/Dataset-IGRB1092_14cls/02.gotico/puerta_apostoles_catedral_murcia4.jpg,1
../Data/Dataset-IGRB1092_14cls/02.gotico/capilla_real_granada.jpg,1
../Data/Dataset-IGRB1092_14cls/01.musulman/patio_doncella_reales_alcazares_sevilla9.jpg,0
../Data/Dataset-IGRB1092_14cls/04.barroco/20181212_105924.jpg,3
../Data/Dataset-IGRB1092_14cls/03.renacentista/puerta_puente_cordoba9.jpg,2
../Data/Dataset-IGRB1092_14cls/04.barroco/museo_bellas_artes_sevilla5.jpg,3
../Data/Dataset-IGRB1092_14cls/04.barroco/5bec3a09d0a0e.jpg,3
../Data/Dataset-IGRB1092_14cls/01.musulman/medina_azahara15.jpg,0
../Data/Dataset-IGRB1092_14cls/01.musulman/20181212_150254.jpg,0
../Data/Dataset-IGRB1092_14cls/03.renacentista/ayuntamiento_baeza5.jpg,2
../Data/Dataset-IGRB1092_14cls/02.gotico/palacio_jabalquinto_baeza12.jpg,1
../Data/Dataset-IGRB1092_14cls/01.musulman/5bcc9ce820ba1.jpg,0
../Data/Dataset-IGRB1092_14cls/02.gotico/iglesia_san_miguel_cordoba4.jpg,1
../Data/Dataset-IGRB1092_14cls/01.musulman/patio_yeso_reales_alcazares_sevilla6.jpg,0
../Data/Dataset-IGRB1092_14cls/01.musulman/5bdedefa3f97e.jpg,0
../Data/Dataset-IGRB1092_14cls/04.barroco/hospital_rreal_granada.jpg,3
../Data/Dataset-IGRB1092_14cls/04.barroco/convento_santa_ines_granada2.jpg,3
../Data/Dataset-IGRB1092_14cls/03.renacentista/santa_maria_antequera.jpg,2
../Data/Dataset-IGRB1092_14cls/02.gotico/catedral_burgos6.jpg,1
../Data/Dataset-IGRB1092_14cls/03.renacentista/iglesia_anunciacion_sevilla2.jpg,2
../Data/Dataset-IGRB1092_14cls/03.renacentista/palacio_carlos_v_granada14.jpg,2
../Data/Dataset-IGRB1092_14cls/04.barroco/5bb5f81bc95a3.jpg,3
../Data/Dataset-IGRB1092_14cls/01.musulman/puerta_de_las_pesas_granada3.jpg,0
../Data/Dataset-IGRB1092_14cls/01.musulman/5bafb615991d4.jpg,0
../Data/Dataset-IGRB1092_14cls/02.gotico/iglesia_sabiote4.jpg,1
../Data/Dataset-IGRB1092_14cls/03.renacentista/5bb78ee318b3f.jpg,2
../Data/Dataset-IGRB1092_14cls/03.renacentista/5bec3f41e759a.jpg,2
../Data/Dataset-IGRB1092_14cls/04.barroco/5baf982ee2bfd.jpg,3
../Data/Dataset-IGRB1092_14cls/01.musulman/5bbcd9a5ae35a.jpg,0
../Data/Dataset-IGRB1092_14cls/04.barroco/catedral_jaen3.jpg,3
../Data/Dataset-IGRB1092_14cls/04.barroco/palacio_ansoti5.jpg,3
../Data/Dataset-IGRB1092_14cls/04.barroco/casa_monte_de_piedad_granada.jpg,3
../Data/Dataset-IGRB1092_14cls/01.musulman/20181212_150121.jpg,0
../Data/Dataset-IGRB1092_14cls/04.barroco/5bacb65418a73.jpg,3
../Data/Dataset-IGRB1092_14cls/03.renacentista/iglesia_salvador_ubeda5.jpg,2
../Data/Dataset-IGRB1092_14cls/02.gotico/capilla_real_granada5.jpg,1
../Data/Dataset-IGRB1092_14cls/04.barroco/casa_marqueses_de_cartagena_granada6.jpg,3
../Data/Dataset-IGRB1092_14cls/04.barroco/palacio_bibataubin_granada4.jpg,3
../Data/Dataset-IGRB1092_14cls/04.barroco/iglesia_san_jeronimo_granada3.jpg,3
../Data/Dataset-IGRB1092_14cls/03.renacentista/palacio_carlos_v_granada.jpg,2
../Data/Dataset-IGRB1092_14cls/03.renacentista/iglesia_san_cecilio_granada4.jpg,2
../Data/Dataset-IGRB1092_14cls/04.barroco/palacio_ansoti4.jpg,3
../Data/Dataset-IGRB1092_14cls/01.musulman/medina_azahara19.jpg,0
../Data/Dataset-IGRB1092_14cls/03.renacentista/5bb78bd53e5ad.jpg,2
../Data/Dataset-IGRB1092_14cls/04.barroco/5bae52157ff90.jpg,3
../Data/Dataset-IGRB1092_14cls/02.gotico/iglesia_san_miguel_cordoba3.jpg,1
../Data/Dataset-IGRB1092_14cls/04.barroco/iglesia_san_anton_granada.jpg,3
../Data/Dataset-IGRB1092_14cls/01.musulman/5bbcca3f7448f.jpg,0
../Data/Dataset-IGRB1092_14cls/04.barroco/hospital_san_juan_de_dios_granada5.jpg,3
../Data/Dataset-IGRB1092_14cls/02.gotico/hospital_san_sebastian_cordoba8.jpg,1
../Data/Dataset-IGRB1092_14cls/02.gotico/catedral_leon4.jpg,1
../Data/Dataset-IGRB1092_14cls/01.musulman/patio_yeso_reales_alcazares_sevilla5.jpg,0
../Data/Dataset-IGRB1092_14cls/02.gotico/5bc76b1661432.jpg,1
../Data/Dataset-IGRB1092_14cls/04.barroco/iglesia_san_anton_granada2.jpg,3
../Data/Dataset-IGRB1092_14cls/04.barroco/colegio_san_telmo_sevilla4.jpg,3
../Data/Dataset-IGRB1092_14cls/04.barroco/hospital_san_juan_de_dios_granada.jpg,3
../Data/Dataset-IGRB1092_14cls/02.gotico/casa_zafra_granada3.jpg,1
../Data/Dataset-IGRB1092_14cls/04.barroco/5bb0a2afa286c.jpg,3
../Data/Dataset-IGRB1092_14cls/02.gotico/capilla_real_granada4.jpg,1
../Data/Dataset-IGRB1092_14cls/01.musulman/5c45b1ab7eacc.jpg,0
../Data/Dataset-IGRB1092_14cls/04.barroco/san_felipe_neri_baeza2.jpg,3
../Data/Dataset-IGRB1092_14cls/01.musulman/aljibe_san_miguel_bajo4.jpg,0
../Data/Dataset-IGRB1092_14cls/04.barroco/5bb4e71f205dd.jpg,3
../Data/Dataset-IGRB1092_14cls/04.barroco/5bb0b4dfa6fc4.jpg,3
../Data/Dataset-IGRB1092_14cls/04.barroco/hospital_real_granada3.jpg,3
../Data/Dataset-IGRB1092_14cls/04.barroco/compas_convento_santa_isabel_granada.jpg,3
../Data/Dataset-IGRB1092_14cls/02.gotico/hospital_san_sebastian_cordoba9.jpg,1
../Data/Dataset-IGRB1092_14cls/04.barroco/iglesia_san_anton_granada3.jpg,3
../Data/Dataset-IGRB1092_14cls/02.gotico/iglesia_san_nicolas_burgos.jpg,1
../Data/Dataset-IGRB1092_14cls/01.musulman/puerta_elvira_granada.jpg,0
../Data/Dataset-IGRB1092_14cls/04.barroco/iglesia_caridad_sevilla7.jpg,3
../Data/Dataset-IGRB1092_14cls/04.barroco/convento_carmelitas_descalzas_granada5.jpg,3
../Data/Dataset-IGRB1092_14cls/02.gotico/monasterio_concepcion_granada2.jpg,1
../Data/Dataset-IGRB1092_14cls/01.musulman/puerta_monaita_granada3.jpg,0
../Data/Dataset-IGRB1092_14cls/01.musulman/patio_doncella_reales_alcazares_sevilla5.jpg,0
../Data/Dataset-IGRB1092_14cls/02.gotico/casa_abrantes_granada4.jpg,1
../Data/Dataset-IGRB1092_14cls/04.barroco/20181212_105011.jpg,3
../Data/Dataset-IGRB1092_14cls/03.renacentista/puerta_perdon_catedral_granada3.jpg,2
../Data/Dataset-IGRB1092_14cls/01.musulman/5bdedf6d54d29.jpg,0
../Data/Dataset-IGRB1092_14cls/03.renacentista/5bb602378e74b.jpg,2
../Data/Dataset-IGRB1092_14cls/04.barroco/5bd34562c7157.jpg,3
../Data/Dataset-IGRB1092_14cls/02.gotico/5b8ecbee59495.jpg,1
../Data/Dataset-IGRB1092_14cls/03.renacentista/iglesia_del_sagrario_jaen3.jpg,2
../Data/Dataset-IGRB1092_14cls/01.musulman/puerta_mihrab_mezquita_cordoba5.jpg,0
../Data/Dataset-IGRB1092_14cls/04.barroco/fabrica_tabaco_sevilla5.jpg,3
../Data/Dataset-IGRB1092_14cls/02.gotico/puerta_bautismo_catedral_sevilla.jpg,1
../Data/Dataset-IGRB1092_14cls/03.renacentista/san_pedro_cordoba6.jpg,2
../Data/Dataset-IGRB1092_14cls/01.musulman/medina_azahara32.jpg,0
../Data/Dataset-IGRB1092_14cls/03.renacentista/5bb90f5617705.jpg,2
../Data/Dataset-IGRB1092_14cls/01.musulman/puerta_monaita_granada5.jpg,0
../Data/Dataset-IGRB1092_14cls/04.barroco/5bc75ea2043a1.jpg,3
../Data/Dataset-IGRB1092_14cls/04.barroco/parroquia_mayor_santa_maria_encarnacion_huescar.jpg,3
../Data/Dataset-IGRB1092_14cls/02.gotico/5bc76e72997a7.jpg,1
../Data/Dataset-IGRB1092_14cls/02.gotico/casa_abrantes_granada.jpg,1
../Data/Dataset-IGRB1092_14cls/03.renacentista/20181212_114849.jpg,2
../Data/Dataset-IGRB1092_14cls/02.gotico/5bb24276e44cc.jpg,1
../Data/Dataset-IGRB1092_14cls/03.renacentista/puerta_puente_cordoba11.jpg,2
../Data/Dataset-IGRB1092_14cls/01.musulman/patio_doncella_reales_alcazares_sevilla8.jpg,0
../Data/Dataset-IGRB1092_14cls/03.renacentista/5bbe3480002dc.jpg,2
../Data/Dataset-IGRB1092_14cls/04.barroco/chancilleria_granada13.jpg,3
../Data/Dataset-IGRB1092_14cls/04.barroco/5be6b71806804.jpg,3
../Data/Dataset-IGRB1092_14cls/03.renacentista/catedral_puerta_perdon_granada2.jpg,2
../Data/Dataset-IGRB1092_14cls/04.barroco/compas_convento_santa_isabel_granada3.jpg,3
../Data/Dataset-IGRB1092_14cls/04.barroco/convento_jesus_nazareno_chiclana2.jpg,3
../Data/Dataset-IGRB1092_14cls/04.barroco/5bc7649e7f853.jpg,3
../Data/Dataset-IGRB1092_14cls/03.renacentista/casa_cabildo_jerez.jpg,2
../Data/Dataset-IGRB1092_14cls/03.renacentista/ayuntamiento_baeza2.jpg,2
../Data/Dataset-IGRB1092_14cls/04.barroco/iglesia_caridad_sevilla6.jpg,3
../Data/Dataset-IGRB1092_14cls/03.renacentista/5baa6b18227cf.jpg,2
../Data/Dataset-IGRB1092_14cls/03.renacentista/catedral_puerta_perdon_granada.jpg,2
../Data/Dataset-IGRB1092_14cls/02.gotico/5bad4abe0539c.jpg,1
../Data/Dataset-IGRB1092_14cls/01.musulman/puerta_del_vino_granada9.jpg,0
